department_code,mandatory_courses
BTO,"['BTO1101', 'BTO1111', 'BTO1121', 'BTO1102', 'BTO1112', 'BTO1122', 'BTO2101', 'BTO2121', 'BTO2141', 'BTO2161', 'BTO2102', 'BTO2122', 'BTO2132', 'BTO2162', 'BTO3101', 'BTO3121', 'BTO3131', 'BTO3102', 'BTO3132', 'BTO3142', 'BTO4101', 'BTO4121', 'BTO4301', 'BTO4102', 'BTO4132', 'BTO4302', 'ATA1041', 'EGT1020', 'EGT1051', 'MDB1131', 'TRO1901', 'ATA1042', 'EGT1010', 'EGT1030', 'MDB1132', 'TRO1902', 'EGT2010', 'EGT2030', 'EGT3010', 'EGT3020', 'EGT3040', 'EGT3030', 'SBO2130', 'EGT4020', 'EGT4010']"
PDR,"['PDR3211', 'PDR2232', 'PDR4101', 'PDR4151', 'EGT1051', 'EGT1010', 'ATA1041', 'BTO1911', 'MDB1091', 'TRO1901', 'PDR1201', 'PDR1211', 'EGT1020', 'BTO1810', 'ATA1042', 'MDB1092', 'TRO1902', 'PDR1202', 'PDR1212', 'PDR1222', 'EGT2010', 'PDR2201', 'PDR2211', 'PDR2221', 'PDR2231', 'EGT2020', 'EGT2030', 'PDR2212', 'PDR2222', 'PDT2232', 'PDR2242', 'SBO2130', 'EGT3030', 'EGT3040', 'PDR3201', 'PDR3211', 'PDR3221', 'PDR3231', 'PDR3241', 'EGT3010', 'EGT3020', 'PDR3222', 'PDR3232', 'PDR3242', 'PDR3252', 'PDR3262', 'EGT4020', 'PDR4211', 'PDR4221', 'PDR4231', 'PDR4241', 'PDR4301', 'PDR4222', 'PDR4232', 'PDR4242', 'PDR4252', 'PDR4302']"
FBO,"['ATA1041', 'BTO1911', 'EGT1020', 'EGT1051', 'FBO1061', 'FBO1071', 'FBO1091', 'MDB1091', 'TRO1901', 'ATA1042', 'EGT1010', 'EGT1030', 'FBO1062', 'FBO1072', 'FBO1082', 'FBO1092', 'MDB1092', 'TRO1092', 'EGT2010', 'EGT2020', 'FBO2111', 'FBO2121', 'FBO2131', 'FBO2171', 'BTO1810', 'EGT2030', 'FBO2172', 'FBO2182', 'FBO2192', 'SBO2130', 'EGT3030', 'EGT3040', 'FBO3081', 'FBO3091', 'FBO3101', 'EGT3010', 'EGT3020', 'FBO3082', 'FBO3092', 'FBO3102', 'EGT4010', 'FBO4211', 'FBO4221', 'FBO4301', 'EGT4020', 'FBO4252', 'FBO4262', 'FBO4302']"
OKL,"['OKL1001', 'OKL1041', 'OKL1002', 'OKL1042', 'OKL2101', 'OKL2111', 'OKL2121', 'OKL2102', 'OKL2112', 'OKL2122', 'OKL3001', 'OKL3101', 'OKL3111', 'OKL3202', 'OKL3212', 'OKL3222', 'OKL4101', 'OKL4111', 'OKL4301', 'OKL4202', 'OKL4302', 'ATA1041', 'BTO1911', 'EGT1020', 'EGT1051', 'MDB1091', 'TRO1901', 'ATA1042', 'EGT1010', 'EGT1030', 'MDB1092', 'TRO1902', 'EGT2020', 'EGT2030', 'BTO1810', 'EGT2010', 'SBO2130', 'EGT3030', 'EGT3040', 'EGT3010', 'EGT3020', 'EGT4010', 'EGT4020']"
SNF,"['SNF1211', 'SNF1411', 'SNF1312', 'SNF1322', 'SNF1422', 'SNF2121', 'SNF2331', 'SNF2511', 'SNF2152', 'SNF2522', 'SNF3221', 'SNF3341', 'SNF3431', 'SNF3222', 'SNF3442', 'SNF3622', 'SNF4301', 'SNF4531', 'SNF4811', 'SNF4302', 'SNF4542', 'SNF4632', 'ATA1041', 'BTO1911', 'EGT1010', 'EGT1051', 'MDB1091', 'TRO1901', 'ATA1042', 'EGT1020', 'EGT1030', 'MDB1092', 'TRO1902', 'BTO1810', 'EGT2030', 'EGT2010', 'EGT2020', 'SBO2130', 'EGT3010', 'EGT3020', 'EGT3030', 'EGT3040', 'EGT4020', 'EGT4010']"
SBO,"['SBO1101', 'SBO1131', 'SBO1122', 'SBO1132', 'SBO1142', 'SBO1152', 'SBO2421', 'SBO2521', 'SBO2621', 'SBO2721', 'SBO2130', 'SBO2422', 'SBO2522', 'SBO2622', 'SBO2722', 'SBO3231', 'SBO3331', 'SBO3431', 'SBO3332', 'SBO3432', 'SBO3532', 'SBO3632', 'SBO4151', 'SBO4161', 'SBO4171', 'SBO4181', 'SBO4301', 'SBO4262', 'SBO4272', 'SBO4282', 'SBO4302', 'ATA1041', 'BTO1911', 'EGT1030', 'EGT1051', 'MDB1091', 'TRO1901', 'ATA1042', 'EGT1010', 'EGT1020', 'MDB1092', 'TRO1902', 'EGT2010', 'EGT2030', 'BTO1810', 'EGT2020', 'EGT3030', 'EGT3040', 'EGT4010', 'EGT4020']"
ING,"['ING1311', 'ING1321', 'ING1331', 'ING1341', 'ING1312', 'ING1322', 'ING1332', 'ING1342', 'ING1362', 'ING2311', 'ING2321', 'ING2331', 'ING2341', 'ING2312', 'ING2322', 'ING2332', 'ING2342', 'ING3311', 'ING3321', 'ING3331', 'ING3312', 'ING3322', 'ING3332', 'ING4301', 'ING4311', 'ING4321', 'ING4302', 'ING4312', 'ATA1041', 'BTO1911', 'EGT1010', 'EGT1051', 'MDB1401', 'TRO1901', 'ATA1042', 'EGT1020', 'EGT1030', 'MDB1402', 'TRO1902', 'BTO1810', 'EGT2010', 'EGT2020', 'EGT2030', 'EGT3010', 'EGT3020', 'EGT3030', 'EGT3040', 'EGT4020', 'SBO2130', 'EGT4010']"
BLM,"['KOM1062', 'FIZ1002', 'EHM1042', 'EHM1041', 'EHM4991', 'KOM4991', 'ELM4991', 'BLM4991', 'BLM1011', 'BLM1991', 'BLM1012', 'BLM1022', 'BLM1032', 'BLM1992', 'BLM2011', 'BLM2021', 'BLM2031', 'BLM2041', 'BLM2051', 'BLM2521', 'BLM2611', 'BLM2012', 'BLM2022', 'BLM2032', 'BLM2042', 'BLM2502', 'BLM2512', 'BLM3011', 'BLM3021', 'BLM3031', 'BLM3041', 'BLM3051', 'BLM3022', 'BLM3002', 'BLM3010', 'BLM3012', 'BLM3722', 'BLM4011', 'BLM4021', 'BLM4002', 'BLM9000', 'ATA1031', 'FIZ1001', 'MAT1071', 'MAT1320', 'MDB1031', 'FIZ1951', 'MAT1072', 'MDB1032', 'TDB1031', 'ATA1032', 'TDB1032']"
ELM,"['EHM4991', 'KOM4991', 'ELM4991', 'BLM4991', 'ELM4991', 'ELM1001', 'ELM1031', 'ELM1041', 'ELM1002', 'ELM1042', 'ELM2051', 'ELM2061', 'ELM2071', 'ELM2081', 'ELM2002', 'ELM2042', 'ELM2062', 'ELM2072', 'ELM2082', 'ELM2092', 'ELM3001', 'ELM3071', 'ELM3081', 'ELM3091', 'ELM3141', 'ELM3002', 'ELM3092', 'ELM3182', 'ELM3192', 'ELM3762', 'ELM3792', 'ELM4041', 'ELM4051', 'ELM4061', 'ELM4000', 'ELM4042', 'ATA1031', 'FIZ1001', 'MAT1071', 'MAT1320', 'MDB1031', 'TDB1031', 'ATA1032', 'FIZ1002', 'KIM1170', 'MAT1072', 'MDB1032', 'TDB1032', 'MAT2411']"
EHM,"['EHM4991', 'KOM4991', 'ELM4991', 'BLM4991', 'EHM1011', 'EHM1041', 'EHM1012', 'EHM1022', 'EHM1032', 'EHM1042', 'EHM2121', 'EHM2131', 'EHM2141', 'EHM2151', 'EHM2161', 'EHM2171', 'EHM2002', 'EHM2122', 'EHM2132', 'EHM2142', 'EHM2152', 'EHM2162', 'EHM3111', 'EHM3121', 'EHM3131', 'EHM3141', 'EHM3151', 'EHM3002', 'EHM3112', 'EHM3122', 'EHM3132', 'EHM3142', 'EHM3152', 'EHM3162', 'EHM4200', 'EHM4012', 'EHM9000', 'ENF1190', 'FIZ1001', 'MAT1071', 'MAT1320', 'MDB1031', 'ENF1210', 'MAT1072', 'MDB1032', 'ATA1031', 'ATA1032', 'TDB1031', 'TDB1032']"
KOM,"['EHM4991', 'KOM4991', 'ELM4991', 'BLM4991', 'KOM1021', 'KOM1061', 'KOM1991', 'KOM1012', 'KOM1062', 'KOM1992', 'KOM2711', 'KOM2721', 'KOM2731', 'KOM2751', 'KOM2002', 'KOM2072', 'KOM2702', 'KOM2712', 'KOM2722', 'KOM3751', 'KOM3761', 'KOM3771', 'KOM3781', 'KOM3002', 'KOM3712', 'KOM3722', 'KOM3752', 'KOM3772', 'KOM4221', 'KOM4321', 'KOM4421', 'KOM4521', 'KOM9000', 'ATA1031', 'FIZ1001', 'MAT1071', 'MDB1031', 'TDB1031', 'IST1990', 'ATA1032', 'MAT1072', 'MDB1032', 'TDB1032', 'ENF1180', 'MAT2411']"
MTF,"['MTF1111', 'MTF1121', 'MTF1131', 'MTF1112', 'MTF1122', 'MTF1132', 'MTF1142', 'MTF1152', 'MTF2051', 'MTF2111', 'MTF2121', 'MTF2131', 'MTF2141', 'MTF2151', 'MTF2092', 'MTF2112', 'MTF2122', 'MTF2132', 'MTF2142', 'MTF2152', 'MTF3001', 'MTF3211', 'MTF3311', 'MTF3321', 'MTF3331', 'MTF3341', 'MTF3991', 'MTF3132', 'MTF3212', 'MTF3312', 'MTF3322', 'MTF3323', 'MTF3324', 'MTF4001', 'MTF4201', 'MTF4211', 'MTF4451', 'MTF4461', 'MTF4471', 'MTF4991', 'MTF4462', 'MTF4472', 'MTF9000', 'ATA1031', 'TDB1031', 'ATA1032', 'TDB1032', 'ENF1100']"
FIZ,"['FIZ1111', 'FIZ1121', 'FIZ1112', 'FIZ1122', 'FIZ1262', 'FIZ2131', 'FIZ2211', 'FIZ2221', 'FIZ2271', 'FIZ2132', 'FIZ2152', 'FIZ2282', 'FIZ3401', 'FIZ3411', 'FIZ3421', 'FIZ3222', 'FIZ3402', 'FIZ3422', 'FIZ4101', 'FIZ4111', 'FIZ9000', 'KIM1170', 'KIM1611', 'MDB1031', 'MAT1071', 'TDB1031', 'KIM1612', 'MAT1072', 'MDB1032', 'TDB1032', 'ATA1031', 'MDB2051', 'ATA1032', 'ENF1170']"
IST,"['IST1131', 'IST1141', 'IST1081', 'IST1132', 'IST1142', 'IST2161', 'IST2131', 'IST2041', 'IST2081', 'IST2121', 'IST2162', 'IST2022', 'IST2252', 'IST2142', 'IST3121', 'IST3131', 'IST3141', 'IST3011', 'IST3012', 'IST3142', 'IST3002', 'IST4131', 'IST4111', 'IST4122', 'IST4000', 'TDB1031', 'MAT1001', 'MDB1031', 'ATA1031', 'MAT1811', 'TDB1032', 'MAT1002', 'ENF1170', 'ATA1032', 'MDB1032', 'MAT2001', 'IKT1101', 'MAT2412', 'MDB2051', 'MDB3032']"
KIM,"['KIM1131', 'KIM1611', 'KIM1621', 'KIM1701', 'KIM1022', 'KIM1602', 'KIM1612', 'KIM2511', 'KIM2521', 'KIM2531', 'KIM2541', 'KIM2551', 'KIM2512', 'KIM2522', 'KIM2532', 'KIM2542', 'KIM2552', 'KIM2562', 'KIM3411', 'KIM3421', 'KIM3431', 'KIM3441', 'KIM3451', 'KIM3412', 'KIM3422', 'KIM3432', 'KIM3442', 'KIM3452', 'KIM3462', 'KIM4001', 'KIM4801', 'KIM4911', 'KIM4921', 'KIM4931', 'KIM4392', 'KIM9000', 'ATA1031', 'FIZ1001', 'MAT1071', 'MDB1031', 'TDB1031', 'ATA1032', 'FIZ1002', 'MAT1072', 'MDB1032', 'TDB1032']"
MBG,"['MBG1011', 'MBG1012', 'MBG1032', 'MBG1042', 'MBG2041', 'MBG2211', 'MBG2221', 'MBG2231', 'MBG2241', 'MBG2042', 'MBG2212', 'MBG2222', 'MBG2232', 'MBG2242', 'MBG3011', 'MBG3051', 'MBG3321', 'MBG3331', 'MBG3052', 'MBG3312', 'MBG3322', 'MBG3332', 'MBG4001', 'MBG4411', 'MBG4421', 'MBG4412', 'MBG4000', 'ATA1031', 'ENF1170', 'FIZ1001', 'KIM1511', 'MAT1821', 'TDB1031', 'ATA1032', 'FIZ1002', 'KIM1512', 'MDB1032', 'TDB1032', 'MDB2051', 'MDB3032']"
MAT,"['MAT1141', 'MAT1151', 'MAT1161', 'MAT1171', 'MAT1142', 'MAT1152', 'MAT1162', 'MAT2041', 'MAT2091', 'MAT2131', 'MAT2141', 'MAT2171', 'MAT2042', 'MAT2092', 'MAT2142', 'MAT2172', 'MAT2192', 'MAT3151', 'MAT3161', 'MAT3171', 'MAT3181', 'MAT3152', 'MAT3172', 'MAT3182', 'MAT4041', 'MAT4111', 'MAT9000', 'FIZ1001', 'MDB1031', 'TDB1031', 'FIZ1002', 'MDB1032', 'TDB1032', 'ATA1031', 'ATA1032']"
TDE,"['TDE1241', 'TDE1241', 'TDE1251', 'TDE1211', 'TDE1271', 'TDE1221', 'TDE1242', 'TDE1212', 'TDE1252', 'TDE1272', 'TDE1262', 'TDE1222', 'TDE2211', 'TDE2221', 'TDE2241', 'TDE2261', 'TDE2251', 'TDE2271', 'TDE2231', 'TDE2281', 'TDE2222', 'TDE2262', 'TDE2242', 'TDE2232', 'TDE2242', 'TDE2232', 'TDE2212', 'TDE2252', 'TDE3241', 'TDE3261', 'TDE3211', 'TDE3231', 'TDE3221', 'TDE3242', 'TDE3262', 'TDE3272', 'TDE3212', 'TDE3252', 'TDE4251', 'TDE4271', 'TDE4241', 'TDE4242', 'TDE4262', 'TDE4000', 'ENF1100', 'MDB1051', 'MDB1052', 'ATA1031', 'ATA1032']"
IKT,"['IKT1101', 'IKT1111', 'IKT1121', 'IKT1102', 'IKT1112', 'IKT1122', 'IKT2201', 'IKT2211', 'IKT2281', 'IKT2901', 'IKT2202', 'IKT2212', 'IKT2222', 'IKT2272', 'IKT2902', 'IKT3311', 'IKT3321', 'IKT3901', 'IKT3362', 'IKT3902', 'IKT4401', 'IKT4411', 'IKT4000', 'IKT4422', 'ISL1171', 'ISL1711', 'MDB1031', 'TDB1031', 'ISL1182', 'MDB1032', 'SBU1612', 'TDB1032', 'ATA1031', 'ENF1100', 'ATA1032', 'ENF1170']"
ISL,"['ISL1171', 'ISL1181', 'ISL1611', 'ISL1711', 'ISL1182', 'ISL1552', 'ISL1622', 'ISL2211', 'ISL2441', 'ISL2481', 'ISL2731', 'ISL2851', 'ISL2122', 'ISL2132', 'ISL2442', 'ISL2452', 'ISL2642', 'ISL3051', 'ISL3221', 'ISL3411', 'ISL3621', 'ISL3152', 'ISL3522', 'ISL3562', 'ISL3662', 'ISL3862', 'ISL3912', 'ISL4051', 'ISL4251', 'ISL4421', 'ISL4551', 'ISL4000', 'ISL4582', 'ISL4692', 'ATA1031', 'IKT1101', 'MDB1031', 'TDB1031', 'ATA1032', 'IKT1102', 'MDB1032', 'TDB1032', 'MDB2051', 'ENF1170', 'MDB3032', 'IKT4402']"
SBU,"['SBU1401', 'SBU1031', 'SBU1701', 'SBU1032', 'SBU1612', 'SBU1702', 'SBU2211', 'SBU2311', 'SBU2501', 'SBU2132', 'SBU2142', 'SBU2152', 'SBU2502', 'SBU3011', 'SBU3101', 'SBU3111', 'SBU3201', 'SBU3301', 'SBU3401', 'SBU3102', 'SBU3202', 'SBU3302', 'SBU3402', 'SBU4111', 'SBU4121', 'SBU4221', 'SBU4000', 'SBU4122', 'SBU4222', 'TDB1031', 'IKT1101', 'ATA1031', 'MDB1031', 'ATA1032', 'IKT1102', 'MDB1032', 'TDB1032', 'IKT2272', 'MDB2051', 'ENF1170', 'ISL2742', 'MDB3032']"
CEV,"['MAT1821', 'SBP1112', 'MAT1320', 'INS4000', 'CEV2231', 'CEV1001', 'CEV1170', 'CEV1152', 'CEV1162', 'CEV2201', 'CEV2241', 'CEV2002', 'CEV2202', 'CEV2222', 'CEV2272', 'CEV3001', 'CEV3071', 'CEV3111', 'CEV3301', 'CEV3321', 'CEV3002', 'CEV3022', 'CEV3072', 'CEV3302', 'CEV3322', 'CEV3362', 'CEV3382', 'CEV3392', 'CEV4001', 'CEV4041', 'CEV4071', 'CEV4000', 'ATA1031', 'FIZ1001', 'KIM1170', 'MAT1071', 'MDB1031', 'TDB1031', 'ATA1032', 'FIZ1002', 'MAT1072', 'MDB1032', 'TDB1032', 'INS2731', 'INS2811', 'MAT2411', 'INS3952', 'INS4901', 'INS4902']"
HRT,"['HRT1011', 'HRT1021', 'HRT1052', 'HRT1112', 'HRT1172', 'HRT1312', 'HRT2111', 'HRT2121', 'HRT2331', 'HRT2341', 'HRT2411', 'HRT2002', 'HRT2132', 'HRT2142', 'HRT2252', 'HRT2322', 'HRT2442', 'HRT3191', 'HRT3211', 'HRT3221', 'HRT3331', 'HRT3431', 'HRT3571', 'HRT3002', 'HRT3012', 'HRT3422', 'HRT3432', 'HRT3512', 'HRT3822', 'HRT4201', 'HRT4311', 'HRT4391', 'HRT4521', 'HRT4392', 'HRT9000', 'FIZ1001', 'KIM1170', 'MAT1071', 'MAT1320', 'MDB1031', 'TDB1031', 'FIZ1002', 'MAT1072', 'MDB1032', 'TDB1032', 'ATA1031', 'MAT2411', 'ATA1032', 'INS4901', 'INS4902']"
INS,"['INS1011', 'INS1911', 'INS1122', 'INS1170', 'INS1322', 'INS2311', 'INS2321', 'INS2711', 'INS2002', 'INS2222', 'INS2322', 'INS2512', 'INS2722', 'INS3121', 'INS3211', 'INS3441', 'INS3531', 'INS3541', 'INS3002', 'INS3112', 'INS3212', 'INS3442', 'INS3522', 'INS4201', 'INS4511', 'INS4691', 'INS4821', 'INS4901', 'INS4000', 'INS4902', 'FIZ1001', 'KIM1170', 'MAT1071', 'MAT1320', 'MDB1031', 'TDB1031', 'FIZ1002', 'MAT1072', 'MDB1032', 'TDB1032', 'HRT3350', 'MAT2411', 'ATA1031', 'ATA1032']"
BYM,"['ENF1170', 'BYM1201', 'BYM1312', 'BYM1512', 'BYM1602', 'BYM2101', 'BYM2311', 'BYM2321', 'BYM2711', 'BYM2002', 'BYM2202', 'BYM2222', 'BYM2302', 'BYM2812', 'BYM3401', 'BYM3511', 'BYM3901', 'BYM3911', 'BYM3002', 'BYM3032', 'BYM3202', 'BYM3212', 'BYM3782', 'BYM4081', 'BYM4191', 'BYM4241', 'BYM4741', 'BYM4000', 'BYM4242', 'BYM4382', 'ENF1170', 'KIM1170', 'FIZ1001', 'MAT1071', 'MDB1031', 'TDB1031', 'FIZ1002', 'MAT1072', 'MDB1032', 'TDB1032', 'ATA1031', 'MAT2411', 'MDB2051', 'ATA1032', 'MDB3032']"
GDM,"['GDM2112', 'GDM1011', 'GDM1022', 'GDM1042', 'GDM1252', 'GDM2091', 'GDM2101', 'GDM2131', 'GDM2151', 'GDM2181', 'GDM2002', 'GDM2042', 'GDM2102', 'GDM2112', 'GDM2162', 'GDM2172', 'GDM2182', 'GDM2222', 'GDM3001', 'GDM3051', 'GDM3211', 'GDM3231', 'GDM3231', 'GDM3241', 'GDM3251', 'GDM3261', 'GDM3012', 'GDM3022', 'GDM3032', 'GDM3162', 'GDM3242', 'GDM3252', 'GDM3272', 'GDM4041', 'GDM4111', 'GDM4121', 'GDM4151', 'GDM4191', 'GDM4002', 'GDM4232', 'GDM9000', 'ATA1031', 'FIZ1001', 'KIM1170', 'MAT1071', 'MBG1031', 'MDB1031', 'TDB1031', 'ATA1032', 'FIZ1002', 'MAT1072', 'MDB1032', 'TDB1032', 'KIM2301', 'MAT2411']"
KMM,"['KIM1501', 'KIM1502', 'KIM2301', 'KIM2462', 'KMM1041', 'KMM1002', 'KMM2601', 'KMM2611', 'KMM2621', 'KMM2002', 'KMM2602', 'KMM2612', 'KMM2622', 'KMM2632', 'KMM3501', 'KMM3511', 'KMM3521', 'KMM3531', 'KMM3541', 'KMM3002', 'KMM3502', 'KMM3512', 'KMM3522', 'KMM3532', 'KMM3542', 'KMM4601', 'KMM4611', 'KMM4621', 'KMM4631', 'KMM4000', 'KMM4602', 'KMM4622', 'KMM4632', 'FIZ1001', 'KIM1501', 'MAT1071', 'MDB1031', 'TDB1031', 'FIZ1002', 'KIM1502', 'MAT1072', 'MAT1320', 'MDB1032', 'TDB1032', 'ATA1031', 'KIM2301', 'MAT2411', 'MDB2051', 'ATA1032', 'KIM2462', 'MDB3032']"
MTM,"['MTM1501', 'MTM1511', 'MTM1561', 'MTM1531', 'MTM1551', 'MTM1502', 'MTM1512', 'MTM1562', 'MTM1532', 'MTM1522', 'MTM2501', 'MTM2511', 'MTM2521', 'MTM2531', 'MTM2002', 'MTM2502', 'MTM2592', 'MTM2522', 'MTM2532', 'MTM3691', 'MTM3701', 'MTM3651', 'MTM3502', 'MTM3512', 'MTM3002', 'MTM3522', 'MTM4501', 'MTM4511', 'MTM4502', 'MTM4000', 'FIZ1001', 'MDB1031', 'FIZ1002', 'MDB1032', 'MDB2051', 'TDB1031', 'TDB1032', 'ATA1031', 'ATA1032', 'MDB3032']"
END,"['GIM3622', 'END1911', 'END1991', 'END1902', 'END1912', 'END2961', 'END2971', 'END2981', 'END2991', 'END2312', 'END2962', 'END2972', 'END2982', 'END2992', 'END3001', 'END3401', 'END3961', 'END3971', 'END3981', 'END3991', 'END3942', 'END3952', 'END3962', 'END3972', 'END3992', 'END4001', 'END4651', 'END4661', 'END4971', 'END4991', 'END4000', 'END4002', 'END4972', 'END4982', 'END4992', 'ATA1031', 'ENF1170', 'FIZ1001', 'MAT1071', 'MDB1031', 'TDB1031', 'FIZ1002', 'KIM1170', 'MAT1072', 'MDB1032', 'TDB1032', 'MAT1320', 'MAT2411', 'ATA1032']"
MAK,"['MAT1320', 'MAK1051', 'MAK1061', 'MAK1071', 'MAK1072', 'MAK1062', 'MAK1052', 'MAK2011', 'MAK2061', 'MAK2071', 'MAK2081', 'MAK2091', 'MAK2101', 'MAK2112', 'MAK2122', 'MAK2132', 'MAK2142', 'MAK2212', 'MAK2172', 'MAK2162', 'MAK2152', 'MAK3001', 'MAK3091', 'MAK3271', 'MAK3281', 'MAK3481', 'MAK3291', 'MAK3301', 'MAK3391', 'MAK3002', 'MAK3072', 'MAK3172', 'MAK3182', 'MAK3192', 'MAK3262', 'MAK4081', 'MAK4291', 'MAK4391', 'MAK4451', 'MAK4471', 'MAK4002', 'MAK9000', 'MAK4072', 'MAK4462', 'MAK4482', 'MAK4472', 'FIZ1001', 'MAT1071', 'MDB1031', 'FIZ1002', 'KIM1170', 'MAT1072', 'MDB1032', 'TDB1032', 'MAT2411', 'ATA1031', 'ATA1032']"
MKT,"['MKT1111', 'MKT1821', 'MKT1831', 'MKT1801', 'MKT1142', 'MKT1122', 'MKT1132', 'MKT1802', 'MKT2151', 'MKT2161', 'MKT2831', 'MKT2141', 'MKT2001', 'MKT2112', 'MKT2802', 'MKT2812', 'MKT2142', 'MKT2822', 'MKT2832', 'MKT3801', 'MKT3811', 'MKT3821', 'MKT3831', 'MKT3841', 'MKT3001', 'MKT3802', 'MKT3122', 'MKT3812', 'MKT3822', 'MKT3832', 'MKT3842', 'MKT4111', 'MKT4801', 'MKT4001', 'MKT4000', 'MKT4802', 'MAT1071', 'MAT1320', 'FIZ1001', 'MDB1031', 'MAT1072', 'FIZ1002', 'MDB1032', 'MAT2411', 'TDB1031', 'TDB1032', 'ATA1031', 'ATA1032']"
KVK,"['KVK1011', 'KVK1021', 'KVK1031', 'KVK1041', 'KVK1051', 'KVK1012', 'KVK1022', 'KVK1032', 'KVK1042', 'KVK1052', 'KVK1062', 'KVK1072', 'KVK2011', 'KVK2021', 'KVK2031', 'KVK2041', 'KVK2051', 'KVK2061', 'KVK2012', 'KVK2022', 'KVK2032', 'KVK2042', 'KVK2052', 'KVK3011', 'KVK3021', 'KVK3031', 'KVK3041', 'KVK3012', 'KVK3022', 'KVK3032', 'KVK3002', 'KVK4011', 'KVK4021', 'KVK4031', 'KVK4000', 'KVK4012', 'KVK4002', 'TDB1031', 'MDB1051', 'MAT1821', 'TDB1032', 'MDB1052', 'ATA1031', 'ATA1032']"
MIM,"['MIM1011', 'MIM1031', 'MIM1051', 'MIM1041', 'MIM1062', 'MIM1012', 'MIM1042', 'MIM1032', 'MIM1052', 'MIM2081', 'MIM2011', 'MIM2071', 'MIM2031', 'MIM2101', 'MIM2001', 'MIM2201', 'MIM2082', 'MIM2042', 'MIM2092', 'MIM2012', 'MIM2002', 'MIM2202', 'MIM3011', 'MIM3051', 'MIM3031', 'MIM3041', 'MIM3012', 'MIM3062', 'MIM3042', 'MIM3052', 'MIM3032', 'MIM4011', 'MIM4001', 'MIM4051', 'MIM4031', 'MIM4041', 'MIM4012', 'MIM4000', 'TDB1031', 'MDB1031', 'MAT1821', 'ATA1031', 'TDB1032', 'ATA1032', 'MDB1032', 'MDB2051', 'SBP3991', 'MDB3032']"
SBP,"['SBP1031', 'SBP1041', 'SBP1111', 'SBP1121', 'SBP1062', 'SBP1112', 'SBP2021', 'SBP2031', 'SBP2051', 'SBP2061', 'SBP2941', 'SBP1172', 'SBP2002', 'SBP2062', 'SBP2072', 'SBP2082', 'SBP3021', 'SBP3031', 'SBP3041', 'SBP3111', 'SBP3161', 'SBP3181', 'SBP3002', 'SBP3052', 'SBP3172', 'SBP4181', 'SBP4911', 'SBP4000', 'SBP4182', 'SBP4912', 'ENF1170', 'MAT1821', 'MDB1031', 'IKT1092', 'IST1930', 'MDB1032', 'MDB2051', 'TDB1031', 'TDB1032', 'MDB3032', 'ATA1031', 'ATA1032']"
ILT,"['BSP2162', 'ILT1611', 'ILT1621', 'ILT1612', 'ILT1622', 'ILT2601', 'ILT2611', 'ILT2661', 'ILT2651', 'ILT2612', 'ILT2652', 'ILT2662', 'ILT3671', 'ILT3651', 'ILT3661', 'ILT3622', 'ILT3652', 'ILT4651', 'ILT4000', 'BSP1101', 'BSP2161', 'MDB1051', 'SYP1611', 'TDP1031', 'BSP2162', 'BSP1102', 'MDB1052', 'SYP1612', 'TDB1032', 'BSP3282', 'ATA1031', 'ATA1032']"
MTP,"['MTP1151', 'MTP1152', 'MTP1162', 'MTP2161', 'MTP2171', 'MTP2181', 'MTP2151', 'MTP2162', 'MTP2182', 'MTP2172', 'MTP2152', 'MTP3161', 'MTP3151', 'MTP3152', 'MTP3162', 'MTP4151', 'MTP4000', 'SYP1611', 'BSP1101', 'DTP1801', 'MDB1051', 'DTP1802', 'SYP1612', 'BSP1102', 'MDB1052', 'DTP2801', 'DTP2811', 'TDB1031', 'DTP2802', 'DTP2812', 'TDB1032', 'DTP3811', 'DTP3801', 'DTP3831', 'ATA1031', 'ATA1032', 'BSP3282', 'DTP3812', 'DTP3802', 'DTP3832', 'DTP4801', 'DTP4831', 'DTP4811']"
DTP,"['DTP1801', 'DTP1802', 'DTP2801', 'DTP2811', 'DTP2821', 'DTP2802', 'DTP2812', 'DTP2822', 'DTP3801', 'DTP3811', 'DTP3821', 'DTP3831', 'DTP3841', 'DTP3802', 'DTP3812', 'DTP3822', 'DTP3832', 'DTP4801', 'DTP4811', 'DTP4821', 'DTP4831', 'DTP4000', 'BSP1101', 'MDB1051', 'MTP1151', 'SYP1611', 'BSP1102', 'MDB1052', 'MTP1152', 'MTP1162', 'SYP1612', 'MTP2151', 'MTP2161', 'MTP2171', 'TDB1031', 'MTP2152', 'MTP2162', 'MTP2172', 'TDB1032', 'ATA1031', 'MTP3151', 'MTP3161', 'ATA1032', 'BSP3282', 'MTP3152', 'MTP3162', 'MTP4151']"
BSP,"['SYP1061', 'BSP2162', 'BSP1101', 'BSP1231', 'BSP2161', 'BSP2162', 'BSP1102', 'BSP1232', 'BSP2231', 'BSP2431', 'BSP2451', 'BSP2032', 'BSP2432', 'BSP2452', 'BSP3011', 'BSP3231', 'BSP3012', 'BSP3222', 'BSP3282', 'BSP3292', 'BSP4221', 'BSP4231', 'BSP4241', 'BSP4000', 'BSP4252', 'MDB1051', 'SYP1021', 'SYP1041', 'MDB1052', 'SYP1072', 'SYP1061', 'SYP2131', 'TDB1031', 'SYP2182', 'TDB1032', 'ATA1031', 'SYP3221', 'ATA1032']"
SYP,"['SYP2142', 'SYP1041', 'SYP1061', 'SYP1071', 'SYP1092', 'SYP2111', 'SYP1062', 'SYP1072', 'SYP1082', 'SYP1112', 'SYP1422', 'SYP1392', 'SYP2151', 'SYP2161', 'SYP2171', 'SYP2561', 'SYP2141', 'SYP2182', 'SYP2192', 'SYP3211', 'SYP3221', 'SYP3241', 'SYP3252', 'SYP3352', 'SYP3342', 'SYP4421', 'SYP4491', 'SYP4000', 'SYP4412', 'BSP1101', 'MDB1051', 'TDB1031', 'BSP1102', 'MDB1052', 'TDB1032', 'BSP2161', 'BSP2162', 'ATA1031', 'ATA1032']"
FVP,"['FVP1141', 'FVP1121', 'FVP1131', 'FVP1132', 'FVP1102', 'FVP1122', 'FVP2101', 'FVP2111', 'FVP2151', 'FVP2131', 'FVP2141', 'FVP2102', 'FVP2112', 'FVP2132', 'FVP2122', 'FVP2142', 'FVP3131', 'FVP3151', 'FVP3121', 'FVP3141', 'FVP3132', 'FVP3142', 'FVP3122', 'FVP4301', 'FVP4111', 'FVP4000', 'TDB1031', 'MDB1051', 'BSP1101', 'SYP1021', 'SYP1041', 'MDB1052', 'TDB1032', 'BSP1102', 'SYP2182', 'BSP3282', 'ATA1031', 'ATA1032']"
GRA,"['GRA1011', 'GRA1021', 'GRA1031', 'GRA1041', 'GRA1012', 'GRA1022', 'GRA1032', 'GRA1042', 'GRA2011', 'GRA2021', 'GRA2031', 'GRA2041', 'GRA2051', 'GRA2012', 'GRA2022', 'GRA2032', 'GRA2042', 'GRA2052', 'GRA3011', 'GRA3021', 'GRA3031', 'GRA3041', 'GRA3012', 'GRA3022', 'GRA3032', 'GRA3042', 'GRA4011', 'GRA4021', 'GRA4031', 'GRA4000', 'GRA4032', 'GRA4022', 'MDB1051', 'SYP1041', 'TDB1031', 'MDB1052', 'SYP2131', 'TDB1032', 'ATA1031', 'ATA1032']"