BSP2141,,Yazma ve Kitap Sanatları,3,0,0,3,4
BSP2321,,Seramik 1,3,0,0,3,4
BSP2372,,Çağdaş Fotoğraf Pratiği Ve Günümüz Sanatına Yansımaları,3,0,0,3,4
BSP2411,,Beden İmgeleri,3,0,0,3,4
BSP2412,,Kolaj-Asamblaj,3,0,0,3,4
BSP2421,,Sanat ve Görsel Algılama,3,0,0,3,4
BSP2441,,Modern Sanat Manifestoları,3,0,0,3,4
FVP1402,,Görme Biçimleri,3,0,0,3,4
FVP2401,,Görsel Kültür,3,0,0,3,4
SYP1422,,Sanatçı Hakları,3,0,0,3,4
SYP2441,,Sanat ve Matematik,3,0,0,3,4
MIM4321,,Tasarım ve Sanatta Modernlik Sorunsalları,2,0,0,2,4
SBU2572,,Sanat ve Siyaset,3,0,0,3,4
BSP3131,,Tasarım Çözümleme ve Uygulama,3,0,0,3,4
BSP4332,,Felsefe ve Sanat,3,0,0,3,4
BSP3141,,Seramik 2,3,0,0,3,4
BSP3301,,Doğu Mitolojisi,3,0,0,3,4
BSP3352,,Batı Mitolojisi,3,0,0,3,4
BSP3371,,Kültürel Antropoloji - 1,3,0,0,3,4
BSP3992,,Deneysel Kil Atölyesi,3,0,0,3,4
FVP2411,,Sinema ve Tv Tarihi,3,0,0,3,4
FVP2431,,Fotoğrafta Yorum,3,0,0,3,4
FVP3702,,Fotoğraf ve Sanat,3,0,0,3,4
SYP1392,,Sanat Pedagojisi,3,0,0,3,4
BSP2422,,Serigrafi Baskı Teknikleri,3,0,0,3,4
BSP4382,,Kültürel Antropoloji - 2,3,0,0,3,4
BSP3311,,Çağdaş Sanat Estetiği,3,0,0,3,4
FVP3722,,Sinema Göstergebilimi,3,0,0,3,4
BSP3341,,20. Yüzyıl Sanat Teorileri,3,0,0,3,4
SYP4451,,Modern ve Postmodern Kuram Eleştirileri,3,0,0,3,4
SYP4462,,Sanat Yapıtı Üzerinden Toplumsal Yapı İncelemeleri,3,0,0,3,4
SYP4472,,Kamusal Pratikler,3,0,0,3,4
