EGT2050,,Çocuk Psikolojisi,2,0,0,2,4
EGT2060,,Eğitim Antropolojisi,2,0,0,2,4
EGT2070,,Eğitimde Drama,2,0,0,2,4
EGT2080,,Eğitimde Program Geliştirme,2,0,0,2,4
EGT2090,,Karakter ve Değer Eğitimi,2,0,0,2,4
EGT2100,,Karşılaştırmalı Eğitim,2,0,0,2,4
EGT2110,,Müze Eğitimi,2,0,0,2,4
EGT2120,,Okul Dışı Öğrenme Ortamları,2,0,0,2,4
EGT2140,,Eğitim Tarihi,2,0,0,2,4
EGT2150,,Eleştirel ve Analitik Düşünme,2,0,0,2,4
EGT2160,,Hastanede Yatan Çocukların Eğitimi,2,0,0,2,4
EGT2170,,Mikro Öğretim,2,0,0,2,4
EGT2180,,Öğrenme Güçlüğü,2,0,0,2,4
EGT2190,,Öğretimi Bireyselleştirme ve Uyarlama,2,0,0,2,4
EGT2200,,Eğitimde Proje Hazırlama,2,0,0,2,4
EGT2210,,Dikkat Eksikliği ve Hiperaktivite Bozukluğu,2,0,0,2,4
EGT2220,,Eğitim Hukuku,2,0,0,2,4
EGT2230,,Eğitimde Program Dışı Etkinlikler,2,0,0,2,4
EGT2240,,Sürdürülebilir Kalkınma ve Eğitim,2,0,0,2,4
EGT2250,,Kapsayıcı Eğitim,2,0,0,2,4
EGT2260,,Yetişkin Eğitimi ve Hayat Boyu Öğrenme,2,0,0,2,4
BTO2110,,Çoklu Ortam Tasarımı ve Üretimi,2,0,0,2,4
BTO2120,,Eğitim Yazılımı Tasarımı ve Değerlendirme,2,0,0,2,4
BTO2130,,Eğitimde Yapay Zekâ Uygulamaları,2,0,0,2,4
BTO2140,,Eğitsel Oyun ve Oyunlaştırma,2,0,0,2,4
BTO2150,,Eğitim Teknolojilerinde Güncel Uygulamalar,2,0,0,2,4
BTO2160,,Eğitsel Video Tasarımı,2,0,0,2,4
BTO2170,,İnsan ve Bilgisayar Etkileşimi,2,0,0,2,4
BTO2180,,Masaüstü Yayıncılık,2,0,0,2,4
BTO2190,,Medya Okuryazarlığı,2,0,0,2,4
BTO2210,,Öğretimde Materyal Tasarımı,2,0,0,2,4
BTO2220,,Özel Eğitim ve Teknoloji,2,0,0,2,4
BTO2230,,Sınıf İçi Öğrenmelerin Değerlendirilmesi,2,0,0,2,4
BTO2240,,Teknoloji ve Yetişkin Eğitimi,2,0,0,2,4
