ING4261,,Proje Uygulamaları,2,0,0,2,5
EGT2050,,Çocuk Psikolojisi,2,0,0,2,4
EGT2060,,Eğitim Antropolojisi,2,0,0,2,4
EGT2070,,Eğitimde Drama,2,0,0,2,4
EGT2080,,Eğitimde Program Geliştirme,2,0,0,2,4
EGT2090,,Karakter ve Değer Eğitimi,2,0,0,2,4
EGT2100,,Karşılaştırmalı Eğitim,2,0,0,2,4
EGT2110,,Müze Eğitimi,2,0,0,2,4
EGT2120,,Okul Dışı Öğrenme Ortamları,2,0,0,2,4
EGT2130,,Açık ve Uzaktan Eğitim,2,0,0,2,4
EGT2140,,Eğitim Tarihi,2,0,0,2,4
EGT2150,,Eleştirel ve Analitik Düşünme,2,0,0,2,4
EGT2160,,Hastanede Yatan Çocukların Eğitimi,2,0,0,2,4
EGT2170,,Mikro Öğretim,2,0,0,2,4
EGT2180,,Öğrenme Güçlüğü,2,0,0,2,4
EGT2190,,Öğretimi Bireyselleştirme ve Uyarlama,2,0,0,2,4
EGT2200,,Eğitimde Proje Hazırlama,2,0,0,2,4
EGT2210,,Dikkat Eksikliği ve Hiperaktivite Bozukluğu,2,0,0,2,4
EGT2220,,Eğitim Hukuku,2,0,0,2,4
EGT2230,,Eğitimde Program Dışı Etkinlikler,2,0,0,2,4
EGT2240,,Sürdürülebilir Kalkınma ve Eğitim,2,0,0,2,4
EGT2250,,Kapsayıcı Eğitim,2,0,0,2,4
EGT2260,,Yetişkin Eğitimi ve Hayat Boyu Öğrenme,2,0,0,2,4
MTF4361,,Uluslararası Kurumlarda Kurumsal Çeviri,2,0,0,2,4
MTF3372,,Sosyal Medya Ağları ve Çeviri Hareketleri,2,0,0,2,4
ING2010,,Dil ve Toplum,2,0,0,2,4
ING2020,,Dünya İngilizceleri ve Kültür,2,0,0,2,4
ING2030,,Edimbilimi ve Dil Öğretimi,2,0,0,2,4
ING2040,,İngilizce Ders Kitabı İncelemesi,2,0,0,2,4
ING2050,,İngilizce Öğretiminde Drama,2,0,0,2,4
ING2060,,İngilizce Öğretiminde Materyal Tasarımı,2,0,0,2,4
ING2070,,İngilizce Öğretiminde Yeni Yaklaşımlar,2,0,0,2,4
ING2110,,İngilizce Sözcük Bilgisi Öğretimi,2,0,0,2,4
ING2120,,Kitle İletişiminde İngilizce,2,0,0,2,4
ING2130,,Sınıf İçi Öğrenmelerin Değerlendirilmesi,2,0,0,2,4
ING2140,,Sosyodilbilim ve Dil Öğretimi,2,0,0,2,4
ING2150,,Söylem Çözümlemesi ve Dil Öğretimi,2,0,0,2,4
ING2160,,Tümleşik Dil Becerilerinin Öğretimi,2,0,0,2,4
