SNF2150,,Sosyal Beceri Eğitimi,2,0,0,2,4
SNF2020,,Çocuk Edebiyatı,2,0,0,2,4
SNF2010,,Afetler ve Afet Yönetimi,2,0,0,2,4
SNF2030,,Çocuk Psikolojisi,2,0,0,0,4
SNF2040,,Geleneksel Çocuk Oyunları,2,0,0,0,4
SNF2060,,İlkokul Ders Kitaplarının İncelemesi,2,0,0,0,4
SNF2100,,İlkokul Programı,2,0,0,2,4
SNF2110,,İlkokulda Alternatif Eğitim Uygulamaları,2,0,0,0,4
SNF2120,,Kapsayıcı Dil Öğretimi,2,0,0,0,4
SNF2130,,Risk Altındaki Çocuklar ve Eğitimi,2,0,0,0,4
SNF2140,,Sınıf İçi Öğrenmelerin Değerlendirilmesi,2,0,0,0,4
SNF2160,,Türk Kültüründe Çocuk ve Eğitim,2,0,0,0,4
EGT2150,,Eleştirel ve Analitik Düşünme,2,0,0,2,4
EGT2160,,Hastanede Yatan Çocukların Eğitimi,2,0,0,2,4
EGT2170,,Mikro Öğretim,2,0,0,2,4
EGT2180,,Öğrenme Güçlüğü,2,0,0,2,4
EGT2190,,Öğretimi Bireyselleştirme ve Uyarlama,2,0,0,2,4
EGT2200,,Eğitimde Proje Hazırlama,2,0,0,2,4
EGT2210,,Dikkat Eksikliği ve Hiperaktivite Bozukluğu,2,0,0,2,4
EGT2220,,Eğitim Hukuku,2,0,0,2,4
EGT2230,,Eğitimde Program Dışı Etkinlikler,2,0,0,2,4
EGT2240,,Sürdürülebilir Kalkınma ve Eğitim,2,0,0,2,4
EGT2250,,Kapsayıcı Eğitim,2,0,0,2,4
EGT2260,,Yetişkin Eğitimi ve Hayat Boyu Öğrenme,2,0,0,2,4
EGT2060,,Eğitim Antropolojisi,2,0,0,2,4
EGT2070,,Eğitimde Drama,2,0,0,2,4
EGT2080,,Eğitimde Program Geliştirme,2,0,0,2,4
EGT2100,,Karşılaştırmalı Eğitim,2,0,0,2,4
EGT2110,,Müze Eğitimi,2,0,0,2,4
EGT2120,,Okul Dışı Öğrenme Ortamları,2,0,0,2,4
EGT2130,,Açık ve Uzaktan Eğitim,2,0,0,2,4
EGT2140,,Eğitim Tarihi,2,0,0,2,4
